city,place,place,count,latitude,longitude,lat-longAbuja,Nigeria,"Abuja, Nigeria",1,9.040749,7.477405,"9.040749,7.477405"Alameda,  CA,"Alameda, CA",1,37.765207,-122.241636,"37.765207,-122.241636"Albany,  NY,"Albany, NY",1,42.652579,-73.756232,"42.652579,-73.756232"Albuquerque,  NM,"Albuquerque, NM",3,35.085334,-106.605553,"35.085334,-106.605553"Alexandria,  VA,"Alexandria, VA",6,38.804836,-77.046921,"38.804836,-77.046921"Altadena,  CA,"Altadena, CA",1,34.190162,-118.131319,"34.190162,-118.131319"Anaheim,  CA,"Anaheim, CA",1,33.836593,-117.914301,"33.836593,-117.914301"Andalsnes,Norway,"Andalsnes, Norway",1,62.5605436,7.6754614,"62.5605436,7.6754614"Ann Arbor,  MI,"Ann Arbor, MI",2,42.280826,-83.743038,"42.280826,-83.743038"Annapolis,  MD,"Annapolis, MD",1,38.978445,-76.492183,"38.978445,-76.492183"Arden Hills,  MN,"Arden Hills, MN",1,45.050244,-93.156611,"45.050244,-93.156611"Arlington,  VA,"Arlington, VA",8,38.87997,-77.10677,"38.87997,-77.10677"Ashburn,  VA,"Ashburn, VA",1,39.043757,-77.487442,"39.043757,-77.487442"Astoria,  NY,"Astoria, NY",1,40.764357,-73.923462,"40.764357,-73.923462"Athens,Greece,"Athens, Greece",1,37.982067,23.755333,"37.982067,23.755333"Atlanta,  GA,"Atlanta, GA",12,33.748995,-84.387982,"33.748995,-84.387982"Austin,  TX,"Austin, TX",18,30.267153,-97.743061,"30.267153,-97.743061"Baltimore,  MD,"Baltimore, MD",2,39.290385,-76.612189,"39.290385,-76.612189"Bartlett,  IL,"Bartlett, IL",1,41.995028,-88.18563,"41.995028,-88.18563"Baton Rouge,  LA,"Baton Rouge, LA",3,30.458283,-91.14032,"30.458283,-91.14032"Beaver,  PA,"Beaver, PA",1,40.695344,-80.304785,"40.695344,-80.304785"Berkeley,  CA,"Berkeley, CA",10,37.871593,-122.272747,"37.871593,-122.272747"Berlin,Germany,"Berlin, Germany",3,52.515743,13.378471,"52.515743,13.378471"Bethesda,  MD,"Bethesda, MD",2,38.984652,-77.094709,"38.984652,-77.094709"Birmingham,United Kingdom,"Birmingham, United Kingdom",1,33.518213,-86.943222,"33.518213,-86.943222"Blacksburg,  VA,"Blacksburg, VA",3,37.229573,-80.413939,"37.229573,-80.413939"Bloomington,  IN,"Bloomington, IN",2,39.165325,-86.526386,"39.165325,-86.526386"Boca Raton,  FL,"Boca Raton, FL",1,26.368306,-80.128932,"26.368306,-80.128932"Boise,  ID,"Boise, ID",1,43.61871,-116.214607,"43.61871,-116.214607"Bologna,Italy,"Bologna, Italy",1,44.532825,11.354901,"44.532825,11.354901"Bossier City,  LA,"Bossier City, LA",1,32.515985,-93.732123,"32.515985,-93.732123"Boston,  MA,"Boston, MA",18,42.360083,-71.05888,"42.360083,-71.05888"Boulder,  CO,"Boulder, CO",1,40.014986,-105.270546,"40.014986,-105.270546"Bowling Green,  OH,"Bowling Green, OH",1,41.374774,-83.651323,"41.374774,-83.651323"Breinigsville,  PA,"Breinigsville, PA",1,40.539396,-75.631484,"40.539396,-75.631484"Bronx,  NY,"Bronx, NY",3,40.844782,-73.864827,"40.844782,-73.864827"Brookline,  MA,"Brookline, MA",2,42.331764,-71.121163,"42.331764,-71.121163"Brooklyn,  NY,"Brooklyn, NY",41,40.678178,-73.944158,"40.678178,-73.944158"Brownsburg,  IN,"Brownsburg, IN",1,39.843377,-86.397774,"39.843377,-86.397774"Buenos Aires,Argentina,"Buenos Aires, Argentina",1,-35.483156,-62.978071,"-35.483156,-62.978071"Buffalo,  NY,"Buffalo, NY",4,42.886447,-78.878369,"42.886447,-78.878369"Burke,  VA,"Burke, VA",1,38.793447,-77.27165,"38.793447,-77.27165"Calgary,Canada,"Calgary, Canada",1,51.048615,-114.070846,"51.048615,-114.070846"Camas,  WA,"Camas, WA",1,45.587063,-122.399536,"45.587063,-122.399536"Cambridge,  MA,"Cambridge, MA",5,42.373616,-71.109733,"42.373616,-71.109733"Carrboro,  NC,"Carrboro, NC",1,35.910144,-79.075289,"35.910144,-79.075289"Cary,  NC,"Cary, NC",1,35.79154,-78.781117,"35.79154,-78.781117"Cedar Rapids,  IA,"Cedar Rapids, IA",1,41.97788,-91.665623,"41.97788,-91.665623"Centennial,  CO,"Centennial, CO",1,39.580745,-104.877173,"39.580745,-104.877173"Champaign,  IL,"Champaign, IL",4,40.11642,-88.243383,"40.11642,-88.243383"Chandler,  AZ,"Chandler, AZ",1,33.30616,-111.84125,"33.30616,-111.84125"Chapel Hill,  NC,"Chapel Hill, NC",3,35.9132,-79.055845,"35.9132,-79.055845"Charlotte,  NC,"Charlotte, NC",1,35.227087,-80.843127,"35.227087,-80.843127"Chciago,  IL,"Chciago, IL",1,41.878114,-87.629798,"41.878114,-87.629798"Chicago,  IL,"Chicago, IL",124,41.878114,-87.629798,"41.878114,-87.629798"Chula Vista,  CA,"Chula Vista, CA",1,32.640054,-117.084196,"32.640054,-117.084196"Cincinnati,  OH,"Cincinnati, OH",1,39.103118,-84.51202,"39.103118,-84.51202"Claremont,  CA,"Claremont, CA",1,34.096676,-117.719779,"34.096676,-117.719779"Cleveland,  OH,"Cleveland, OH",3,41.49932,-81.694361,"41.49932,-81.694361"Clifton,  NJ,"Clifton, NJ",1,40.858433,-74.163755,"40.858433,-74.163755"Colorado Springs,  CO,"Colorado Springs, CO",1,38.833882,-104.821363,"38.833882,-104.821363"Columbia,  MO,"Columbia, MO",30,38.951705,-92.334072,"38.951705,-92.334072"Columbia,  SC,"Columbia, SC",2,34.00071,-81.034814,"34.00071,-81.034814"Columbus,  OH,"Columbus, OH",7,39.961176,-82.998794,"39.961176,-82.998794"Concord,  CA,"Concord, CA",1,37.977978,-122.031073,"37.977978,-122.031073"Copenhagen,Denmark,"Copenhagen, Denmark",2,55.694668,12.582944,"55.694668,12.582944"Coral Gables,  FL,"Coral Gables, FL",1,25.72149,-80.268384,"25.72149,-80.268384"Costa Mesa,  CA,"Costa Mesa, CA",1,33.641216,-117.918822,"33.641216,-117.918822"Crown Point,  IN,"Crown Point, IN",1,41.416981,-87.365314,"41.416981,-87.365314"Crownsville,  MD,"Crownsville, MD",1,39.028444,-76.601354,"39.028444,-76.601354"Cumming,  GA,"Cumming, GA",1,34.20732,-84.140193,"34.20732,-84.140193"Dallas,  TX,"Dallas, TX",13,32.776664,-96.796988,"32.776664,-96.796988"Daly City,  CA,"Daly City, CA",1,37.687924,-122.470208,"37.687924,-122.470208"Daphne,  AL,"Daphne, AL",1,30.603526,-87.903605,"30.603526,-87.903605"Davis,  CA,"Davis, CA",2,38.544907,-121.740517,"38.544907,-121.740517"Decatur,  GA,"Decatur, GA",1,33.774828,-84.296312,"33.774828,-84.296312"Dedham,  MA,"Dedham, MA",1,42.243609,-71.167654,"42.243609,-71.167654"Denver,  CO,"Denver, CO",7,39.739236,-104.990251,"39.739236,-104.990251"Detroit,  MI,"Detroit, MI",6,42.331427,-83.045754,"42.331427,-83.045754"Deutschland,Germany,"Deutschland, Germany",1,38.914428,-77.088653,"38.914428,-77.088653"Doral,  FL,"Doral, FL",1,25.819542,-80.35533,"25.819542,-80.35533"Dublin,Ireland,"Dublin, Ireland",1,53.330252,-6.233729,"53.330252,-6.233729"Durham,  NC,"Durham, NC",1,35.994033,-78.898619,"35.994033,-78.898619"E. Palo Alto,  CA,"E. Palo Alto, CA",1,37.468827,-122.141075,"37.468827,-122.141075"Eagle Mountain,  UT,"Eagle Mountain, UT",1,40.314117,-112.006882,"40.314117,-112.006882"Earlysville,  VA,"Earlysville, VA",1,38.152907,-78.462406,"38.152907,-78.462406"East Palo Alto,  CA,"East Palo Alto, CA",1,37.468827,-122.141075,"37.468827,-122.141075"Edgewater,  NJ,"Edgewater, NJ",1,40.827045,-73.975694,"40.827045,-73.975694"Edinburg,  TX,"Edinburg, TX",1,26.301737,-98.163343,"26.301737,-98.163343"Edison,  NJ,"Edison, NJ",1,40.518715,-74.412095,"40.518715,-74.412095"Effort,  PA,"Effort, PA",1,40.939258,-75.434907,"40.939258,-75.434907"El Paso,  TX,"El Paso, TX",1,31.761878,-106.485022,"31.761878,-106.485022"Elmhurst,  IL,"Elmhurst, IL",1,41.899474,-87.940342,"41.899474,-87.940342"Emeryville,  CA,"Emeryville, CA",5,37.831316,-122.285247,"37.831316,-122.285247"Englewood Cliffs,  NJ,"Englewood Cliffs, NJ",1,40.885377,-73.95236,"40.885377,-73.95236"Eugene,  OR,"Eugene, OR",6,44.052069,-123.086754,"44.052069,-123.086754"Evanston,  IL,"Evanston, IL",11,42.045072,-87.687697,"42.045072,-87.687697"Ferndale,  MI,"Ferndale, MI",1,42.460592,-83.134648,"42.460592,-83.134648"Forest Hills,  NY,"Forest Hills, NY",1,40.718106,-73.844847,"40.718106,-73.844847"Fort Worth,  TX,"Fort Worth, TX",3,32.755488,-97.330766,"32.755488,-97.330766"Framingham,  MA,"Framingham, MA",1,42.279286,-71.416156,"42.279286,-71.416156"Franklin Park,  NJ,"Franklin Park, NJ",1,40.439106,-74.53516,"40.439106,-74.53516"Frederikstad,Norway,"Frederikstad, Norway",1,38.925134,-77.066716,"38.925134,-77.066716"Gainesville,  FL,"Gainesville, FL",11,29.651634,-82.324826,"29.651634,-82.324826"Gaithersburg,  MD,"Gaithersburg, MD",2,39.143441,-77.20137,"39.143441,-77.20137"Galesburg,  IL,"Galesburg, IL",1,40.947816,-90.371239,"40.947816,-90.371239"Garland,  TX,"Garland, TX",1,32.912624,-96.638883,"32.912624,-96.638883"Glassboro,  NJ,"Glassboro, NJ",1,39.702892,-75.111842,"39.702892,-75.111842"Glendale,  NY,"Glendale, NY",1,40.698994,-73.880443,"40.698994,-73.880443"Glenolden,  PA,"Glenolden, PA",1,39.900113,-75.289074,"39.900113,-75.289074"Glenview,  IL,"Glenview, IL",1,42.069751,-87.787841,"42.069751,-87.787841"Grand Rapids,  MI,"Grand Rapids, MI",1,42.96336,-85.668086,"42.96336,-85.668086"Greenwich,  CT,"Greenwich, CT",1,41.026242,-73.628196,"41.026242,-73.628196"Halifax,Canada,"Halifax, Canada",1,44.652652,-63.574508,"44.652652,-63.574508"Halliday,  ND,"Halliday, ND",1,47.354454,-102.336012,"47.354454,-102.336012"Hallowell,  ME,"Hallowell, ME",1,44.285902,-69.790879,"44.285902,-69.790879"Hamburg,Germany,"Hamburg, Germany",1,53.561944,9.996667,"53.561944,9.996667"Hamburg,  PA,"Hamburg, PA",1,40.555648,-75.981877,"40.555648,-75.981877"Harrisburg,  PA,"Harrisburg, PA",1,40.273191,-76.886701,"40.273191,-76.886701"Harrison,  NY,"Harrison, NY",1,40.970017,-73.717634,"40.970017,-73.717634"Hato Rey,Puerto Rico,"Hato Rey, Puerto Rico",1,18.40897,-66.062163,"18.40897,-66.062163"Helena,  MT,"Helena, MT",1,46.588371,-112.024505,"46.588371,-112.024505"Henderson,  NV,"Henderson, NV",1,36.039525,-114.981721,"36.039525,-114.981721"Highland Village,  TX,"Highland Village, TX",1,33.091788,-97.046676,"33.091788,-97.046676"Highland,  MI,"Highland, MI",1,42.638001,-83.617568,"42.638001,-83.617568"Hillsborough,  NC,"Hillsborough, NC",1,36.075418,-79.099735,"36.075418,-79.099735"Hong Kong,Hong Kong,"Hong Kong, Hong Kong",2,30.361457,-97.715236,"30.361457,-97.715236"Honolulu,  HI,"Honolulu, HI",1,21.306944,-157.858333,"21.306944,-157.858333"Houston,  TX,"Houston, TX",3,29.760427,-95.369803,"29.760427,-95.369803"Hovedstaden,Denmark,"Hovedstaden, Denmark",2,55.694668,12.582944,"55.694668,12.582944"Huntersville,  NC,"Huntersville, NC",1,35.410694,-80.84285,"35.410694,-80.84285"Huntington Beach,  CA,"Huntington Beach, CA",1,33.659484,-117.998803,"33.659484,-117.998803"Huntington,  NY,"Huntington, NY",1,40.868154,-73.425676,"40.868154,-73.425676"Hyattsville,  MD,"Hyattsville, MD",1,38.955944,-76.94553,"38.955944,-76.94553"Indialantic,  FL,"Indialantic, FL",1,28.08946,-80.565608,"28.08946,-80.565608"Indianapolis,  IN,"Indianapolis, IN",5,39.768403,-86.158068,"39.768403,-86.158068"Indianpolis,  IN,"Indianpolis, IN",1,39.768403,-86.158068,"39.768403,-86.158068"Irvine,  CA,"Irvine, CA",1,33.684567,-117.826505,"33.684567,-117.826505"Iselin,  NJ,"Iselin, NJ",2,40.575382,-74.32237,"40.575382,-74.32237"Islamabad,Pakistan,"Islamabad, Pakistan",1,33.723919,73.117995,"33.723919,73.117995"Istanbul,Turkey,"Istanbul, Turkey",1,41.117407,29.046478,"41.117407,29.046478"Jackson Heights,  NY,"Jackson Heights, NY",2,40.755682,-73.88307,"40.755682,-73.88307"Jamaica Plain,  MA,"Jamaica Plain, MA",1,42.309737,-71.115143,"42.309737,-71.115143"Jersey City,  NJ,"Jersey City, NJ",2,40.728157,-74.077642,"40.728157,-74.077642"Kalamazoo,  MI,"Kalamazoo, MI",1,42.291707,-85.587229,"42.291707,-85.587229"Kansas City,  MO,"Kansas City, MO",3,39.099727,-94.578567,"39.099727,-94.578567"Katy,  TX,"Katy, TX",1,29.785785,-95.824396,"29.785785,-95.824396"Kirkland,  WA,"Kirkland, WA",1,47.676893,-122.205983,"47.676893,-122.205983"Kyiv,Ukraine,"Kyiv, Ukraine",1,50.465044,30.431957,"50.465044,30.431957"Lady Lake,  FL,"Lady Lake, FL",1,28.917486,-81.92286,"28.917486,-81.92286"Lake Worth,  FL,"Lake Worth, FL",1,26.616756,-80.068448,"26.616756,-80.068448"Langhorne,  PA,"Langhorne, PA",1,40.174554,-74.922666,"40.174554,-74.922666"Lansing,  MI,"Lansing, MI",2,42.732535,-84.555535,"42.732535,-84.555535"Las Vegas,  NV,"Las Vegas, NV",1,36.169941,-115.13983,"36.169941,-115.13983"Lathrup Village,  MI,"Lathrup Village, MI",1,42.496424,-83.222707,"42.496424,-83.222707"Lawrence,  KS,"Lawrence, KS",1,38.971669,-95.23525,"38.971669,-95.23525"Leawood,  KS,"Leawood, KS",1,38.966673,-94.616901,"38.966673,-94.616901"Leeds,United Kingdom,"Leeds, United Kingdom",1,33.547723,-86.557523,"33.547723,-86.557523"Lefke,Cyprus,"Lefke, Cyprus",1,35.136172,32.837272,"35.136172,32.837272"Lexington,  VA,"Lexington, VA",1,37.784021,-79.442816,"37.784021,-79.442816"Lille,France,"Lille, France",1,38.94883,-77.413088,"38.94883,-77.413088"Lima 21,Peru,"Lima 21, Peru",1,-12.181834,-76.910601,"-12.181834,-76.910601"Lincoln,  NE,"Lincoln, NE",7,40.825763,-96.685198,"40.825763,-96.685198"Lincolnshire,  IL,"Lincolnshire, IL",1,42.190025,-87.908404,"42.190025,-87.908404"Little Rock,  AR,"Little Rock, AR",1,34.746481,-92.289595,"34.746481,-92.289595"London,United Kingdom,"London, United Kingdom",16,51.482566,-0.132237,"51.482566,-0.132237"Long Beach,  CA,"Long Beach, CA",1,33.77005,-118.193739,"33.77005,-118.193739"Longueuil,Canada,"Longueuil, Canada",1,45.536944,-73.510713,"45.536944,-73.510713"Los Angeles,  CA,"Los Angeles, CA",17,34.052234,-118.243685,"34.052234,-118.243685"Louisville,  KY,"Louisville, KY",4,38.252665,-85.758456,"38.252665,-85.758456"Madison,  WI,"Madison, WI",6,43.073052,-89.40123,"43.073052,-89.40123"Malden,  MA,"Malden, MA",3,42.425096,-71.066163,"42.425096,-71.066163"Manhattan,  KS,"Manhattan, KS",1,39.183608,-96.571669,"39.183608,-96.571669"Manotick,Canada,"Manotick, Canada",1,45.227493,-75.722931,"45.227493,-75.722931"Maplewood,  MO,"Maplewood, MO",1,38.612552,-90.32456,"38.612552,-90.32456"Maplewood,  NJ,"Maplewood, NJ",3,40.729979,-74.271992,"40.729979,-74.271992"Mason,  OH,"Mason, OH",1,39.360059,-84.309939,"39.360059,-84.309939"Mauston,  WI,"Mauston, WI",1,43.797195,-90.077349,"43.797195,-90.077349"Mclean,  VA,"Mclean, VA",3,38.933868,-77.17726,"38.933868,-77.17726"Mechanicsburg,  PA,"Mechanicsburg, PA",1,40.214257,-77.008588,"40.214257,-77.008588"Medford,  NJ,"Medford, NJ",1,39.866183,-74.839016,"39.866183,-74.839016"Melville,  NY,"Melville, NY",1,40.793432,-73.415121,"40.793432,-73.415121"Menlo Park,  CA,"Menlo Park, CA",2,37.45296,-122.181725,"37.45296,-122.181725"Metuchen,  NJ,"Metuchen, NJ",1,40.54316,-74.363205,"40.54316,-74.363205"Mexico City,Mexico,"Mexico City, Mexico",1,19.428301,-99.166311,"19.428301,-99.166311"Miami,  FL,"Miami, FL",10,25.76168,-80.19179,"25.76168,-80.19179"Middleburg,  FL,"Middleburg, FL",1,30.068851,-81.860378,"30.068851,-81.860378"Midland,  VA,"Midland, VA",1,38.597118,-77.726482,"38.597118,-77.726482"Mill Valley,  CA,"Mill Valley, CA",1,37.906037,-122.544976,"37.906037,-122.544976"Millburn,  NJ,"Millburn, NJ",1,40.734045,-74.32067,"40.734045,-74.32067"Milwaukee,  WI,"Milwaukee, WI",12,43.038903,-87.906474,"43.038903,-87.906474"Minneapolis,  MN,"Minneapolis, MN",11,44.977753,-93.265011,"44.977753,-93.265011"Missoula,  MT,"Missoula, MT",1,46.878718,-113.996586,"46.878718,-113.996586"Mitchell,  SD,"Mitchell, SD",1,43.709428,-98.029799,"43.709428,-98.029799"Mobile,  AL,"Mobile, AL",1,30.695366,-88.039891,"30.695366,-88.039891"Monmouth Junction,  NJ,"Monmouth Junction, NJ",1,40.378996,-74.546544,"40.378996,-74.546544"Monroe,  LA,"Monroe, LA",1,32.509311,-92.119301,"32.509311,-92.119301"Montclair,  NJ,"Montclair, NJ",1,40.825901,-74.209005,"40.825901,-74.209005"Montgomery,  AL,"Montgomery, AL",1,32.366805,-86.299969,"32.366805,-86.299969"Monticello,  IL,"Monticello, IL",1,40.027812,-88.573398,"40.027812,-88.573398"Montpelier,  VT,"Montpelier, VT",1,44.260059,-72.575387,"44.260059,-72.575387"Montreal,Canada,"Montreal, Canada",3,45.501689,-73.567256,"45.501689,-73.567256"Moorpark,  CA,"Moorpark, CA",1,34.285558,-118.882041,"34.285558,-118.882041"Morgantown,  WV,"Morgantown, WV",2,39.629526,-79.955897,"39.629526,-79.955897"Mt. Sinai,  NY,"Mt. Sinai, NY",1,40.947043,-73.02955,"40.947043,-73.02955"Munich,Germany,"Munich, Germany",2,38.886708,-77.032607,"38.886708,-77.032607"Nagoya,Japan,"Nagoya, Japan",1,35.172808,136.890288,"35.172808,136.890288"Naples,  FL,"Naples, FL",3,26.142036,-81.79481,"26.142036,-81.79481"Nazareth,  PA,"Nazareth, PA",1,40.740375,-75.309624,"40.740375,-75.309624"New Brunswick,  NJ,"New Brunswick, NJ",1,40.486216,-74.451819,"40.486216,-74.451819"New Delhi,  NY,"New Delhi, NY",1,42.27814,-74.915995,"42.27814,-74.915995"New London,  CT,"New London, CT",1,41.355654,-72.099521,"41.355654,-72.099521"New Orleans,  LA,"New Orleans, LA",4,29.951066,-90.071532,"29.951066,-90.071532"New York,  NY,"New York, NY",103,40.712775,-74.005973,"40.712775,-74.005973"Newark,  DE,"Newark, DE",1,39.683723,-75.749657,"39.683723,-75.749657"Newport,United Kingdom,"Newport, United Kingdom",1,51.5742802,-3.0493219,"51.5742802,-3.0493219"North Little Rock,  AR,"North Little Rock, AR",1,34.769536,-92.267094,"34.769536,-92.267094"Northlake,  IL,"Northlake, IL",2,41.917253,-87.895619,"41.917253,-87.895619"Norway,Norway,"Norway, Norway",6,44.213957,-70.54481,"44.213957,-70.54481"Oak Park,  IL,"Oak Park, IL",1,41.885032,-87.784503,"41.885032,-87.784503"Oakland,  CA,"Oakland, CA",7,37.804364,-122.271114,"37.804364,-122.271114"Oklahoma City,  OK,"Oklahoma City, OK",1,35.46756,-97.516428,"35.46756,-97.516428"Omaha,  NE,"Omaha, NE",3,41.252363,-95.997988,"41.252363,-95.997988"Orinda,  CA,"Orinda, CA",1,37.877148,-122.179689,"37.877148,-122.179689"Orlando,  FL,"Orlando, FL",1,28.538336,-81.379236,"28.538336,-81.379236"Oslo,Norway,"Oslo, Norway",2,59.941434,10.669184,"59.941434,10.669184"Overland Park,  KS,"Overland Park, KS",1,38.982228,-94.670792,"38.982228,-94.670792"Palm Bch Gdns,  FL,"Palm Bch Gdns, FL",1,26.823395,-80.138655,"26.823395,-80.138655"Palm Springs,  CA,"Palm Springs, CA",2,33.830296,-116.545292,"33.830296,-116.545292"Palo Alto,  CA,"Palo Alto, CA",1,37.441883,-122.143019,"37.441883,-122.143019"Park Ridge,  IL,"Park Ridge, IL",1,42.011141,-87.840619,"42.011141,-87.840619"Parkton,  MD,"Parkton, MD",1,39.643096,-76.658259,"39.643096,-76.658259"Pasadena,  CA,"Pasadena, CA",4,34.147785,-118.144516,"34.147785,-118.144516"Pearland,  TX,"Pearland, TX",1,29.563567,-95.286047,"29.563567,-95.286047"Peoria,  IL,"Peoria, IL",1,40.693649,-89.588986,"40.693649,-89.588986"Perryville,  MD,"Perryville, MD",1,39.560113,-76.071339,"39.560113,-76.071339"Philadelphia,  PA,"Philadelphia, PA",15,39.952584,-75.165222,"39.952584,-75.165222"Phoenix,  AZ,"Phoenix, AZ",3,33.448377,-112.074037,"33.448377,-112.074037"Pittsburgh,  PA,"Pittsburgh, PA",5,40.440625,-79.995886,"40.440625,-79.995886"Pleasant Ridge,  MI,"Pleasant Ridge, MI",1,42.471147,-83.142148,"42.471147,-83.142148"Portland,  ME,"Portland, ME",1,43.661471,-70.255326,"43.661471,-70.255326"Portland,  OR,"Portland, OR",6,45.523062,-122.676482,"45.523062,-122.676482"Pound Ridge,  NY,"Pound Ridge, NY",1,41.208442,-73.57482,"41.208442,-73.57482"Powell,  OH,"Powell, OH",1,40.15784,-83.075187,"40.15784,-83.075187"Prairie Village,  KS,"Prairie Village, KS",1,38.991673,-94.633568,"38.991673,-94.633568"Providence,  RI,"Providence, RI",1,41.823989,-71.412834,"41.823989,-71.412834"Qatar,Qatar,"Qatar, Qatar",1,38.905517,-77.054433,"38.905517,-77.054433"Raleigh,  NC,"Raleigh, NC",2,35.77959,-78.638179,"35.77959,-78.638179"Redlands,  CA,"Redlands, CA",1,34.055569,-117.182538,"34.055569,-117.182538"Redmond,  WA,"Redmond, WA",4,47.673988,-122.121512,"47.673988,-122.121512"Rego Park,  NY,"Rego Park, NY",1,40.725572,-73.862489,"40.725572,-73.862489"Reno,  NV,"Reno, NV",1,39.529633,-119.813803,"39.529633,-119.813803"Richmond,  VA,"Richmond, VA",1,37.540725,-77.436048,"37.540725,-77.436048"Ridgewood,  NJ,"Ridgewood, NJ",1,40.979265,-74.116531,"40.979265,-74.116531"Ridgewood,  NY,"Ridgewood, NY",1,40.704399,-73.901829,"40.704399,-73.901829"Rio de Janeiro,Brazil,"Rio de Janeiro, Brazil",2,-22.911595,-43.17382,"-22.911595,-43.17382"Riverside,  CA,"Riverside, CA",1,33.953349,-117.396156,"33.953349,-117.396156"Rockville,  MD,"Rockville, MD",2,39.083997,-77.152758,"39.083997,-77.152758"Roma,Italy,"Roma, Italy",2,41.907261,12.490463,"41.907261,12.490463"Rosendale,  NY,"Rosendale, NY",1,41.844313,-74.081067,"41.844313,-74.081067"Sacramento,  CA,"Sacramento, CA",4,38.581572,-121.4944,"38.581572,-121.4944"S‹o Paulo,Brazil,"S‹o Paulo, Brazil",1,30.291573,-97.735008,"30.291573,-97.735008"Saint Paul,  MN,"Saint Paul, MN",2,44.953703,-93.089958,"44.953703,-93.089958"Saint Peters,  MO,"Saint Peters, MO",1,38.78747,-90.629892,"38.78747,-90.629892"Salt Lake City,  UT,"Salt Lake City, UT",6,40.760779,-111.891047,"40.760779,-111.891047"Saltsjš-Boo,Sweden,"Saltsjš-Boo, Sweden",2,59.3305102,18.2214241,"59.3305102,18.2214241"San Antonio,  TX,"San Antonio, TX",3,29.424122,-98.493628,"29.424122,-98.493628"San Carlos,  CA,"San Carlos, CA",1,37.507159,-122.260522,"37.507159,-122.260522"San Diego,  CA,"San Diego, CA",3,32.715738,-117.161084,"32.715738,-117.161084"San Francisco,  CA,"San Francisco, CA",16,37.77493,-122.419416,"37.77493,-122.419416"San Jose,  CA,"San Jose, CA",3,37.338208,-121.886329,"37.338208,-121.886329"San Juan,Puerto Rico,"San Juan, Puerto Rico",1,18.465539,-66.105735,"18.465539,-66.105735"San Luis Obispo,  CA,"San Luis Obispo, CA",1,35.282752,-120.659616,"35.282752,-120.659616"San Marcos,  TX,"San Marcos, TX",1,29.883275,-97.941394,"29.883275,-97.941394"San Mateo,  CA,"San Mateo, CA",1,37.562992,-122.325525,"37.562992,-122.325525"Santa Clara,  CA,"Santa Clara, CA",1,37.354108,-121.955236,"37.354108,-121.955236"Santa Cruz,  CA,"Santa Cruz, CA",1,36.974117,-122.030796,"36.974117,-122.030796"Santa Fe,  NM,"Santa Fe, NM",4,35.686975,-105.937799,"35.686975,-105.937799"Sao Paolo,Brazil,"Sao Paolo, Brazil",2,-23.62955,-46.697046,"-23.62955,-46.697046"Sarasota,  FL,"Sarasota, FL",2,27.336435,-82.530653,"27.336435,-82.530653"Sayreville,  NJ,"Sayreville, NJ",1,40.459402,-74.360846,"40.459402,-74.360846"Schaumburg,  IL,"Schaumburg, IL",1,42.033361,-88.083406,"42.033361,-88.083406"Schertz,  TX,"Schertz, TX",1,29.552174,-98.269734,"29.552174,-98.269734"Scottsdale,  AZ,"Scottsdale, AZ",1,33.49417,-111.926052,"33.49417,-111.926052"Seaford,  NY,"Seaford, NY",1,40.665934,-73.488181,"40.665934,-73.488181"Seattle,  WA,"Seattle, WA",11,47.60621,-122.332071,"47.60621,-122.332071"Seoul,South Korea,"Seoul, South Korea",1,37.573145,126.977849,"37.573145,126.977849"Shanghai,China,"Shanghai, China",2,36.664846,-93.222993,"36.664846,-93.222993"Shibuya-ku,Japan,"Shibuya-ku, Japan",1,35.668805,139.743326,"35.668805,139.743326"Shibuya-ku,Japan,"Shibuya-ku, Japan",1,35.668805,139.743326,"35.668805,139.743326"Silver Spring,  MD,"Silver Spring, MD",3,38.990666,-77.026088,"38.990666,-77.026088"Sioux Falls,  SD,"Sioux Falls, SD",1,43.544596,-96.731103,"43.544596,-96.731103"Sj¾lland,Denmark,"Sj¾lland, Denmark",1,55.4626371,11.7124592,"55.4626371,11.7124592"Skokie,  IL,"Skokie, IL",1,42.032403,-87.741625,"42.032403,-87.741625"Sleepy Hollow,  NY,"Sleepy Hollow, NY",1,41.085652,-73.858468,"41.085652,-73.858468"Snoqualmie,  WA,"Snoqualmie, WA",1,47.528713,-121.825391,"47.528713,-121.825391"Somerville,  MA,"Somerville, MA",2,42.387597,-71.099497,"42.387597,-71.099497"South Bend,  IN,"South Bend, IN",1,41.676355,-86.25199,"41.676355,-86.25199"South Elgin,  IL,"South Elgin, IL",1,41.994194,-88.2923,"41.994194,-88.2923"South Orange,  NJ,"South Orange, NJ",1,40.748928,-74.26099,"40.748928,-74.26099"Spokane Valley,  WA,"Spokane Valley, WA",1,47.673228,-117.239375,"47.673228,-117.239375"Spokane,  WA,"Spokane, WA",3,47.65878,-117.426046,"47.65878,-117.426046"Springfield,  IL,"Springfield, IL",4,39.781721,-89.650148,"39.781721,-89.650148"Springfield,  MO,"Springfield, MO",2,37.208957,-93.292299,"37.208957,-93.292299"St. Johnsbury,  VT,"St. Johnsbury, VT",1,44.419263,-72.015118,"44.419263,-72.015118"St. Louis,  MO,"St. Louis, MO",8,38.627003,-90.199404,"38.627003,-90.199404"St. Petersburg,  FL,"St. Petersburg, FL",2,27.767601,-82.640291,"27.767601,-82.640291"Stanford,  CA,"Stanford, CA",9,37.424106,-122.166076,"37.424106,-122.166076"Stockholm,Sweden,"Stockholm, Sweden",15,59.333662,18.105485,"59.333662,18.105485"Stroudsburg,  PA,"Stroudsburg, PA",2,40.986761,-75.194625,"40.986761,-75.194625"Sunrise,  FL,"Sunrise, FL",1,26.166971,-80.256595,"26.166971,-80.256595"Sweden,Sweden,"Sweden, Sweden",2,41.802011,-77.870831,"41.802011,-77.870831"Syracuse,  NY,"Syracuse, NY",6,43.048122,-76.147424,"43.048122,-76.147424"Taipei City,Taiwan,"Taipei City, Taiwan",1,25.041141,121.557216,"25.041141,121.557216"Tampa,  FL,"Tampa, FL",1,27.950575,-82.457178,"27.950575,-82.457178"Tarentum,  PA,"Tarentum, PA",1,40.601456,-79.759771,"40.601456,-79.759771"Titchfield,United Kingdom,"Titchfield, United Kingdom",1,51.521485,-0.142127,"51.521485,-0.142127"Top Flat,United Kingdom,"Top Flat, United Kingdom",1,51.482566,-0.132237,"51.482566,-0.132237"Topeka,  KS,"Topeka, KS",1,39.055824,-95.689018,"39.055824,-95.689018"Toronto,Canada,"Toronto, Canada",4,43.653226,-79.383184,"43.653226,-79.383184"Toyko,Japan,"Toyko, Japan",3,35.668805,139.743326,"35.668805,139.743326"Trondheim,Norway,"Trondheim, Norway",1,63.4186677,10.2986811,"63.4186677,10.2986811"Tucker,  GA,"Tucker, GA",1,33.854548,-84.217142,"33.854548,-84.217142"Tucson,  AZ,"Tucson, AZ",1,32.221743,-110.926479,"32.221743,-110.926479"Tulsa,  OK,"Tulsa, OK",1,36.153982,-95.992775,"36.153982,-95.992775"Tuscaloosa,  AL,"Tuscaloosa, AL",1,33.209841,-87.569173,"33.209841,-87.569173"Tuscon,  AZ,"Tuscon, AZ",1,32.221743,-110.926479,"32.221743,-110.926479"Tyler,  TX,"Tyler, TX",1,32.35126,-95.301062,"32.35126,-95.301062"United Kingdom,United Kingdom,"United Kingdom, United Kingdom",2,38.920274,-77.062941,"38.920274,-77.062941"Universal City,  CA,"Universal City, CA",2,34.139769,-118.350578,"34.139769,-118.350578"Urbana,  IL,"Urbana, IL",2,40.110588,-88.20727,"40.110588,-88.20727"Utrecht,Netherlands,"Utrecht, Netherlands",1,52.212771,5.278433,"52.212771,5.278433"Vancouver,Canada,"Vancouver, Canada",1,49.282729,-123.120738,"49.282729,-123.120738"Vicente Lopez,Argentina,"Vicente Lopez, Argentina",1,-34.661478,-58.616529,"-34.661478,-58.616529"Vienna,  VA,"Vienna, VA",2,38.901223,-77.26526,"38.901223,-77.26526"Washington DC,  DC,"Washington DC, DC",1,38.907192,-77.036871,"38.907192,-77.036871"Washington,  DC,"Washington, DC",84,38.907192,-77.036871,"38.907192,-77.036871"Waterford,  VA,"Waterford, VA",1,39.186789,-77.610038,"39.186789,-77.610038"West Hartford,  CT,"West Hartford, CT",1,41.762084,-72.742015,"41.762084,-72.742015"West Monroe,  LA,"West Monroe, LA",1,32.518478,-92.147635,"32.518478,-92.147635"West Orange,  NJ,"West Orange, NJ",1,40.79857,-74.239083,"40.79857,-74.239083"West Palm Beach,  FL,"West Palm Beach, FL",2,26.715342,-80.053375,"26.715342,-80.053375"West Roxbury,  MA,"West Roxbury, MA",1,42.279755,-71.162676,"42.279755,-71.162676"Whitehall,  MI,"Whitehall, MI",1,43.410011,-86.348679,"43.410011,-86.348679"Wien,Austria,"Wien, Austria",1,48.22291,16.356688,"48.22291,16.356688"Wilmette,  IL,"Wilmette, IL",2,42.072251,-87.722838,"42.072251,-87.722838"Wilmington,  DE,"Wilmington, DE",1,39.739072,-75.539788,"39.739072,-75.539788"Winchester,  VA,"Winchester, VA",1,39.18566,-78.163334,"39.18566,-78.163334"Windermere,  FL,"Windermere, FL",2,28.495559,-81.534795,"28.495559,-81.534795"Winnipeg,Canada,"Winnipeg, Canada",1,49.895136,-97.138374,"49.895136,-97.138374"Winooski,  VT,"Winooski, VT",1,44.491438,-73.185683,"44.491438,-73.185683"Winter Park,  FL,"Winter Park, FL",1,28.6,-81.339235,"28.6,-81.339235"Woodland Park,  NJ,"Woodland Park, NJ",1,40.889821,-74.194867,"40.889821,-74.194867"Wu Han,China,"Wu Han, China",2,30.776617,114.21245,"30.776617,114.21245"Wuhan,China,"Wuhan, China",1,30.776617,114.21245,"30.776617,114.21245"